<?xml version="1.0" encoding="UTF-8"?>
<package id="1" uuid="0ce4eb8b-2057-4184-8a56-de514e15e8d1">
  <dateCreated id="2">2019-03-21 09:10:16</dateCreated>
  <name>Patient_Occupation</name>
  <description>Package containing Patient occupation attribute type and concept answers.</description>
  <openmrsVersion>2.1.1  Build 725db5</openmrsVersion>
  <version>1</version>
  <groupUuid>a50ba39b-4855-4f76-8d09-d1a47108196b</groupUuid>
  <modules id="3">
    <entry>
      <string>calculation</string>
      <string>1.2</string>
    </entry>
    <entry>
      <string>legacyui</string>
      <string>1.3.3</string>
    </entry>
    <entry>
      <string>metadatasharing</string>
      <string>1.2.2</string>
    </entry>
    <entry>
      <string>elisatomfeedclient</string>
      <string>0.91-SNAPSHOT</string>
    </entry>
    <entry>
      <string>example</string>
      <string>0.1-SNAPSHOT</string>
    </entry>
    <entry>
      <string>bedmanagement</string>
      <string>5.8.1</string>
    </entry>
    <entry>
      <string>providermanagement</string>
      <string>2.5.0</string>
    </entry>
    <entry>
      <string>bacteriology</string>
      <string>1.1</string>
    </entry>
    <entry>
      <string>htmlwidgets</string>
      <string>1.8.0</string>
    </entry>
    <entry>
      <string>reference-data</string>
      <string>0.91-SNAPSHOT</string>
    </entry>
    <entry>
      <string>operationtheater</string>
      <string>1.2.0</string>
    </entry>
    <entry>
      <string>addresshierarchy</string>
      <string>2.9</string>
    </entry>
    <entry>
      <string>reportingrest</string>
      <string>1.10.0</string>
    </entry>
    <entry>
      <string>uiframework</string>
      <string>3.8</string>
    </entry>
    <entry>
      <string>rulesengine</string>
      <string>0.91-SNAPSHOT</string>
    </entry>
    <entry>
      <string>idgen-webservices</string>
      <string>1.2-SNAPSHOT</string>
    </entry>
    <entry>
      <string>event</string>
      <string>2.5</string>
    </entry>
    <entry>
      <string>uicommons</string>
      <string>2.0</string>
    </entry>
    <entry>
      <string>reporting</string>
      <string>1.16.0</string>
    </entry>
    <entry>
      <string>emrapi</string>
      <string>1.24.5</string>
    </entry>
    <entry>
      <string>episodes</string>
      <string>1.0-SNAPSHOT</string>
    </entry>
    <entry>
      <string>appointments</string>
      <string>1.1-SNAPSHOT</string>
    </entry>
    <entry>
      <string>idgen</string>
      <string>4.4.1</string>
    </entry>
    <entry>
      <string>auditlog</string>
      <string>1.1-SNAPSHOT</string>
    </entry>
    <entry>
      <string>bahmnicore</string>
      <string>0.91-SNAPSHOT</string>
    </entry>
    <entry>
      <string>uilibrary</string>
      <string>2.0.5</string>
    </entry>
    <entry>
      <string>appframework</string>
      <string>2.10.0</string>
    </entry>
    <entry>
      <string>webservices.rest</string>
      <string>2.20.0.0e371e</string>
    </entry>
    <entry>
      <string>openmrs-atomfeed</string>
      <string>2.5.6</string>
    </entry>
    <entry>
      <string>owa</string>
      <string>1.9.0</string>
    </entry>
    <entry>
      <string>metadatamapping</string>
      <string>1.3.1</string>
    </entry>
    <entry>
      <string>bahmni.ie.apps</string>
      <string>0.91-SNAPSHOT</string>
    </entry>
    <entry>
      <string>serialization.xstream</string>
      <string>0.2.12</string>
    </entry>
  </modules>
  <items class="linked-hash-set" id="4">
    <org.openmrs.module.metadatasharing.Item id="5" uuid="145136e0-c701-4785-bc5e-d7f17f11eaf5">
      <id>5281</id>
      <classname>org.openmrs.Concept</classname>
      <dateChanged id="6">2019-03-20 13:46:55</dateChanged>
      <retired>false</retired>
    </org.openmrs.module.metadatasharing.Item>
    <org.openmrs.module.metadatasharing.Item id="7" uuid="b1295316-91b1-44f6-8be3-f363e7e1058f">
      <id>5286</id>
      <classname>org.openmrs.Concept</classname>
      <dateChanged id="8">2019-03-18 13:41:56</dateChanged>
      <retired>false</retired>
    </org.openmrs.module.metadatasharing.Item>
    <org.openmrs.module.metadatasharing.Item id="9" uuid="0739f358-5297-45fb-933b-df13014e8db8">
      <id>5283</id>
      <classname>org.openmrs.Concept</classname>
      <dateChanged id="10">2019-03-18 13:26:34</dateChanged>
      <retired>false</retired>
    </org.openmrs.module.metadatasharing.Item>
    <org.openmrs.module.metadatasharing.Item id="11" uuid="e2cf911c-9f06-4ff3-882b-a765f4403b02">
      <id>5290</id>
      <classname>org.openmrs.Concept</classname>
      <dateChanged id="12">2019-03-18 13:53:52</dateChanged>
      <retired>false</retired>
    </org.openmrs.module.metadatasharing.Item>
    <org.openmrs.module.metadatasharing.Item id="13" uuid="6076c283-1b09-42b8-8bb8-434ce86ee59a">
      <id>5291</id>
      <classname>org.openmrs.Concept</classname>
      <dateChanged id="14">2019-03-18 13:55:18</dateChanged>
      <retired>false</retired>
    </org.openmrs.module.metadatasharing.Item>
    <org.openmrs.module.metadatasharing.Item id="15" uuid="a16006d0-6d6d-465a-b995-bb029b14f918">
      <id>5289</id>
      <classname>org.openmrs.Concept</classname>
      <dateChanged id="16">2019-03-18 13:48:16</dateChanged>
      <retired>false</retired>
    </org.openmrs.module.metadatasharing.Item>
    <org.openmrs.module.metadatasharing.Item id="17" uuid="5da02889-abd6-47ae-b6a7-87b34c3a666b">
      <id>5282</id>
      <classname>org.openmrs.Concept</classname>
      <dateChanged id="18">2019-03-18 13:17:28</dateChanged>
      <retired>false</retired>
    </org.openmrs.module.metadatasharing.Item>
    <org.openmrs.module.metadatasharing.Item id="19" uuid="c221869a-3f10-11e4-adec-0800271c1b75">
      <id>109</id>
      <classname>org.openmrs.Concept</classname>
      <dateChanged id="20">2019-03-18 14:11:12</dateChanged>
      <retired>false</retired>
    </org.openmrs.module.metadatasharing.Item>
    <org.openmrs.module.metadatasharing.Item id="21" uuid="162220c7-2c92-4b81-a36a-6b91f82004db">
      <id>5287</id>
      <classname>org.openmrs.Concept</classname>
      <dateChanged id="22">2019-03-18 13:45:48</dateChanged>
      <retired>false</retired>
    </org.openmrs.module.metadatasharing.Item>
    <org.openmrs.module.metadatasharing.Item id="23" uuid="43297d73-91b7-4c9e-a63c-7123979f92a5">
      <id>5280</id>
      <classname>org.openmrs.Concept</classname>
      <dateChanged id="24">2019-03-18 13:14:14</dateChanged>
      <retired>false</retired>
    </org.openmrs.module.metadatasharing.Item>
    <org.openmrs.module.metadatasharing.Item id="25" uuid="d25d753d-74d8-4541-acd3-fd7633a27a6a">
      <id>5292</id>
      <classname>org.openmrs.Concept</classname>
      <dateChanged id="26">2019-03-18 13:56:41</dateChanged>
      <retired>false</retired>
    </org.openmrs.module.metadatasharing.Item>
    <org.openmrs.module.metadatasharing.Item id="27" uuid="9c1a16de-d44b-4051-b6f6-dad851a92a11">
      <id>5285</id>
      <classname>org.openmrs.Concept</classname>
      <dateChanged id="28">2019-03-18 13:39:14</dateChanged>
      <retired>false</retired>
    </org.openmrs.module.metadatasharing.Item>
    <org.openmrs.module.metadatasharing.Item id="29" uuid="77238376-184f-40a3-abe7-cb1568522d82">
      <id>5284</id>
      <classname>org.openmrs.Concept</classname>
      <dateChanged id="30">2019-03-18 13:35:30</dateChanged>
      <retired>false</retired>
    </org.openmrs.module.metadatasharing.Item>
    <org.openmrs.module.metadatasharing.Item id="31" uuid="32296bdb-ec30-4c20-8264-f4f779f5a56c">
      <id>5288</id>
      <classname>org.openmrs.Concept</classname>
      <dateChanged id="32">2019-03-18 13:46:59</dateChanged>
      <retired>false</retired>
    </org.openmrs.module.metadatasharing.Item>
    <org.openmrs.module.metadatasharing.Item id="33" uuid="c1f7d1f1-3f10-11e4-adec-0800271c1b75">
      <id>14</id>
      <classname>org.openmrs.PersonAttributeType</classname>
      <dateChanged id="34">2019-03-20 13:36:39</dateChanged>
      <retired>false</retired>
    </org.openmrs.module.metadatasharing.Item>
  </items>
  <relatedItems class="linked-hash-set" id="35">
    <org.openmrs.module.metadatasharing.Item id="36" uuid="8d4a4c94-c2cc-11de-8d13-0010c6dffd0f">
      <id>4</id>
      <classname>org.openmrs.ConceptDatatype</classname>
      <dateChanged id="37">2004-02-02 00:00:00</dateChanged>
      <retired>false</retired>
    </org.openmrs.module.metadatasharing.Item>
    <org.openmrs.module.metadatasharing.Item id="38" uuid="8d492774-c2cc-11de-8d13-0010c6dffd0f">
      <id>11</id>
      <classname>org.openmrs.ConceptClass</classname>
      <dateChanged id="39">2004-03-02 00:00:00</dateChanged>
      <retired>false</retired>
    </org.openmrs.module.metadatasharing.Item>
    <org.openmrs.module.metadatasharing.Item id="40" uuid="780ac461-6c1f-49af-a657-4b3a734583e7">
      <id>6964</id>
      <classname>org.openmrs.ConceptName</classname>
      <dateChanged id="41">2019-03-18 13:16:26</dateChanged>
    </org.openmrs.module.metadatasharing.Item>
    <org.openmrs.module.metadatasharing.Item id="42" uuid="9273218b-4854-4f5d-9c3c-855906c86ea9">
      <id>7016</id>
      <classname>org.openmrs.ConceptName</classname>
      <dateChanged id="43">2019-03-20 13:46:55</dateChanged>
    </org.openmrs.module.metadatasharing.Item>
    <org.openmrs.module.metadatasharing.Item id="44" uuid="546b11c0-5c47-40f5-b45b-e600a823b12a">
      <id>6965</id>
      <classname>org.openmrs.ConceptName</classname>
      <dateChanged id="45">2019-03-20 13:46:55</dateChanged>
    </org.openmrs.module.metadatasharing.Item>
    <org.openmrs.module.metadatasharing.Item id="46" uuid="c4bf548a-e356-4dbb-aeb0-6ea0d5ca7a6a">
      <id>6966</id>
      <classname>org.openmrs.ConceptName</classname>
      <dateChanged id="47">2019-03-20 13:46:55</dateChanged>
    </org.openmrs.module.metadatasharing.Item>
    <org.openmrs.module.metadatasharing.Item id="48" uuid="54cb27ab-44f2-4c5b-b023-147e5c892be9">
      <id>6967</id>
      <classname>org.openmrs.ConceptName</classname>
      <dateChanged id="49">2019-03-18 13:16:26</dateChanged>
    </org.openmrs.module.metadatasharing.Item>
    <org.openmrs.module.metadatasharing.Item id="50" uuid="de0e4f99-e1ad-4dcd-bd53-d7f5e65517ef">
      <id>7017</id>
      <classname>org.openmrs.ConceptName</classname>
      <dateChanged id="51">2019-03-20 13:46:55</dateChanged>
    </org.openmrs.module.metadatasharing.Item>
    <org.openmrs.module.metadatasharing.Item id="52" uuid="27faaa3a-2494-4080-bf69-72e5b4009351">
      <id>6984</id>
      <classname>org.openmrs.ConceptName</classname>
      <dateChanged id="53">2019-03-18 13:41:56</dateChanged>
    </org.openmrs.module.metadatasharing.Item>
    <org.openmrs.module.metadatasharing.Item id="54" uuid="630b0718-837e-4c62-af26-b4024e5802fc">
      <id>6985</id>
      <classname>org.openmrs.ConceptName</classname>
      <dateChanged id="55">2019-03-18 13:41:56</dateChanged>
    </org.openmrs.module.metadatasharing.Item>
    <org.openmrs.module.metadatasharing.Item id="56" uuid="4ef4d18f-c22d-447f-9944-254bc12d3667">
      <id>6986</id>
      <classname>org.openmrs.ConceptName</classname>
      <dateChanged id="57">2019-03-18 13:41:56</dateChanged>
    </org.openmrs.module.metadatasharing.Item>
    <org.openmrs.module.metadatasharing.Item id="58" uuid="8fab6b2a-7d15-420b-b119-68ef0bdacd0a">
      <id>6987</id>
      <classname>org.openmrs.ConceptName</classname>
      <dateChanged id="59">2019-03-18 13:41:56</dateChanged>
    </org.openmrs.module.metadatasharing.Item>
    <org.openmrs.module.metadatasharing.Item id="60" uuid="8eff7cd0-4d6b-43c2-9e1d-87df230882b7">
      <id>6972</id>
      <classname>org.openmrs.ConceptName</classname>
      <dateChanged id="61">2019-03-18 13:26:34</dateChanged>
    </org.openmrs.module.metadatasharing.Item>
    <org.openmrs.module.metadatasharing.Item id="62" uuid="2970618b-6a04-4a79-95c8-7b498583f016">
      <id>6973</id>
      <classname>org.openmrs.ConceptName</classname>
      <dateChanged id="63">2019-03-18 13:26:34</dateChanged>
    </org.openmrs.module.metadatasharing.Item>
    <org.openmrs.module.metadatasharing.Item id="64" uuid="5261e525-79cc-425a-9365-be7130a801e5">
      <id>6974</id>
      <classname>org.openmrs.ConceptName</classname>
      <dateChanged id="65">2019-03-18 13:26:34</dateChanged>
    </org.openmrs.module.metadatasharing.Item>
    <org.openmrs.module.metadatasharing.Item id="66" uuid="de963629-f758-4a8c-97ec-8c1429215928">
      <id>6975</id>
      <classname>org.openmrs.ConceptName</classname>
      <dateChanged id="67">2019-03-18 13:26:34</dateChanged>
    </org.openmrs.module.metadatasharing.Item>
    <org.openmrs.module.metadatasharing.Item id="68" uuid="28ce948a-4e21-445e-bcfc-c0cbc0e156ad">
      <id>7000</id>
      <classname>org.openmrs.ConceptName</classname>
      <dateChanged id="69">2019-03-18 13:53:52</dateChanged>
    </org.openmrs.module.metadatasharing.Item>
    <org.openmrs.module.metadatasharing.Item id="70" uuid="70af330a-e871-42f6-9014-a84afa308b75">
      <id>7001</id>
      <classname>org.openmrs.ConceptName</classname>
      <dateChanged id="71">2019-03-18 13:53:52</dateChanged>
    </org.openmrs.module.metadatasharing.Item>
    <org.openmrs.module.metadatasharing.Item id="72" uuid="e11aa3f0-1f42-4b61-8ee2-503eaa87c59d">
      <id>7002</id>
      <classname>org.openmrs.ConceptName</classname>
      <dateChanged id="73">2019-03-18 13:53:52</dateChanged>
    </org.openmrs.module.metadatasharing.Item>
    <org.openmrs.module.metadatasharing.Item id="74" uuid="ef17bc18-6eb5-47d9-903f-d6ac171932a9">
      <id>7003</id>
      <classname>org.openmrs.ConceptName</classname>
      <dateChanged id="75">2019-03-18 13:53:52</dateChanged>
    </org.openmrs.module.metadatasharing.Item>
    <org.openmrs.module.metadatasharing.Item id="76" uuid="5e28c747-8f5f-41b4-969b-62152e8ca990">
      <id>7004</id>
      <classname>org.openmrs.ConceptName</classname>
      <dateChanged id="77">2019-03-18 13:55:18</dateChanged>
    </org.openmrs.module.metadatasharing.Item>
    <org.openmrs.module.metadatasharing.Item id="78" uuid="26f12a3a-6e2a-40d2-834a-d55d608480d1">
      <id>7005</id>
      <classname>org.openmrs.ConceptName</classname>
      <dateChanged id="79">2019-03-18 13:55:18</dateChanged>
    </org.openmrs.module.metadatasharing.Item>
    <org.openmrs.module.metadatasharing.Item id="80" uuid="c65b5554-4297-4121-95e8-d997b1023193">
      <id>7006</id>
      <classname>org.openmrs.ConceptName</classname>
      <dateChanged id="81">2019-03-18 13:55:18</dateChanged>
    </org.openmrs.module.metadatasharing.Item>
    <org.openmrs.module.metadatasharing.Item id="82" uuid="73e3805e-224d-4c0c-875f-05152820dde7">
      <id>7007</id>
      <classname>org.openmrs.ConceptName</classname>
      <dateChanged id="83">2019-03-18 13:55:18</dateChanged>
    </org.openmrs.module.metadatasharing.Item>
    <org.openmrs.module.metadatasharing.Item id="84" uuid="9b33133c-7c55-4499-be51-01b47a6b9672">
      <id>6996</id>
      <classname>org.openmrs.ConceptName</classname>
      <dateChanged id="85">2019-03-18 13:48:16</dateChanged>
    </org.openmrs.module.metadatasharing.Item>
    <org.openmrs.module.metadatasharing.Item id="86" uuid="31eb336f-8ce8-45e4-84a7-cbc10dccd854">
      <id>6997</id>
      <classname>org.openmrs.ConceptName</classname>
      <dateChanged id="87">2019-03-18 13:48:16</dateChanged>
    </org.openmrs.module.metadatasharing.Item>
    <org.openmrs.module.metadatasharing.Item id="88" uuid="2ebc5191-906c-422c-bea5-9be650b467fe">
      <id>6998</id>
      <classname>org.openmrs.ConceptName</classname>
      <dateChanged id="89">2019-03-18 13:48:16</dateChanged>
    </org.openmrs.module.metadatasharing.Item>
    <org.openmrs.module.metadatasharing.Item id="90" uuid="36cf0959-aca8-4a61-812b-8098582d016c">
      <id>6999</id>
      <classname>org.openmrs.ConceptName</classname>
      <dateChanged id="91">2019-03-18 13:48:16</dateChanged>
    </org.openmrs.module.metadatasharing.Item>
    <org.openmrs.module.metadatasharing.Item id="92" uuid="6cad646e-05da-4854-a35b-fb6e67b3580a">
      <id>6968</id>
      <classname>org.openmrs.ConceptName</classname>
      <dateChanged id="93">2019-03-18 13:17:28</dateChanged>
    </org.openmrs.module.metadatasharing.Item>
    <org.openmrs.module.metadatasharing.Item id="94" uuid="a49bbc5f-b783-4926-9d31-ca7b0ade7157">
      <id>6969</id>
      <classname>org.openmrs.ConceptName</classname>
      <dateChanged id="95">2019-03-18 13:17:28</dateChanged>
    </org.openmrs.module.metadatasharing.Item>
    <org.openmrs.module.metadatasharing.Item id="96" uuid="bb5554ca-b511-4027-8658-099bc247e9c6">
      <id>6970</id>
      <classname>org.openmrs.ConceptName</classname>
      <dateChanged id="97">2019-03-18 13:17:28</dateChanged>
    </org.openmrs.module.metadatasharing.Item>
    <org.openmrs.module.metadatasharing.Item id="98" uuid="316bf7d8-b436-4aad-bfd5-ac97b0913207">
      <id>6971</id>
      <classname>org.openmrs.ConceptName</classname>
      <dateChanged id="99">2019-03-18 13:17:28</dateChanged>
    </org.openmrs.module.metadatasharing.Item>
    <org.openmrs.module.metadatasharing.Item id="100" uuid="8d4a48b6-c2cc-11de-8d13-0010c6dffd0f">
      <id>2</id>
      <classname>org.openmrs.ConceptDatatype</classname>
      <dateChanged id="101">2004-02-02 00:00:00</dateChanged>
      <retired>false</retired>
    </org.openmrs.module.metadatasharing.Item>
    <org.openmrs.module.metadatasharing.Item id="102" uuid="c2218e0e-3f10-11e4-adec-0800271c1b75">
      <id>227</id>
      <classname>org.openmrs.ConceptName</classname>
      <dateChanged id="103">2014-09-18 14:19:53</dateChanged>
    </org.openmrs.module.metadatasharing.Item>
    <org.openmrs.module.metadatasharing.Item id="104" uuid="c2218ad8-3f10-11e4-adec-0800271c1b75">
      <id>226</id>
      <classname>org.openmrs.ConceptName</classname>
      <dateChanged id="105">2014-09-18 14:19:53</dateChanged>
    </org.openmrs.module.metadatasharing.Item>
    <org.openmrs.module.metadatasharing.Item id="106" uuid="75d15e5f-c3d5-4d66-9c4a-80a015ded133">
      <id>3216</id>
      <classname>org.openmrs.ConceptAnswer</classname>
      <dateChanged id="107">2019-03-18 13:26:52</dateChanged>
    </org.openmrs.module.metadatasharing.Item>
    <org.openmrs.module.metadatasharing.Item id="108" uuid="48787359-25e2-4553-bee9-96bffb309f0f">
      <id>6960</id>
      <classname>org.openmrs.ConceptName</classname>
      <dateChanged id="109">2019-03-18 13:14:14</dateChanged>
    </org.openmrs.module.metadatasharing.Item>
    <org.openmrs.module.metadatasharing.Item id="110" uuid="fc27f73b-69e2-4c4f-9ef3-3f072ea50be8">
      <id>6961</id>
      <classname>org.openmrs.ConceptName</classname>
      <dateChanged id="111">2019-03-18 13:14:14</dateChanged>
    </org.openmrs.module.metadatasharing.Item>
    <org.openmrs.module.metadatasharing.Item id="112" uuid="f013a6e0-c303-45d1-ab50-7ff9da2915f5">
      <id>6962</id>
      <classname>org.openmrs.ConceptName</classname>
      <dateChanged id="113">2019-03-18 13:14:14</dateChanged>
    </org.openmrs.module.metadatasharing.Item>
    <org.openmrs.module.metadatasharing.Item id="114" uuid="1114ec38-c73e-4851-a6dd-cb92a79074d2">
      <id>6963</id>
      <classname>org.openmrs.ConceptName</classname>
      <dateChanged id="115">2019-03-18 13:14:14</dateChanged>
    </org.openmrs.module.metadatasharing.Item>
    <org.openmrs.module.metadatasharing.Item id="116" uuid="a89a962d-9e05-48f2-971a-46019902138a">
      <id>3217</id>
      <classname>org.openmrs.ConceptAnswer</classname>
      <dateChanged id="117">2019-03-18 13:26:52</dateChanged>
    </org.openmrs.module.metadatasharing.Item>
    <org.openmrs.module.metadatasharing.Item id="118" uuid="0ccc9006-e76c-4263-a665-857257469dba">
      <id>3218</id>
      <classname>org.openmrs.ConceptAnswer</classname>
      <dateChanged id="119">2019-03-18 13:26:52</dateChanged>
    </org.openmrs.module.metadatasharing.Item>
    <org.openmrs.module.metadatasharing.Item id="120" uuid="0b791211-4ee8-4fe5-963f-f57a87ae2605">
      <id>3219</id>
      <classname>org.openmrs.ConceptAnswer</classname>
      <dateChanged id="121">2019-03-18 13:26:52</dateChanged>
    </org.openmrs.module.metadatasharing.Item>
    <org.openmrs.module.metadatasharing.Item id="122" uuid="1a9d8559-b264-4efa-9671-160eacba8b37">
      <id>3220</id>
      <classname>org.openmrs.ConceptAnswer</classname>
      <dateChanged id="123">2019-03-18 13:42:48</dateChanged>
    </org.openmrs.module.metadatasharing.Item>
    <org.openmrs.module.metadatasharing.Item id="124" uuid="4cb3b6ce-fb76-43e5-b58a-f4dc40a7b907">
      <id>6976</id>
      <classname>org.openmrs.ConceptName</classname>
      <dateChanged id="125">2019-03-18 13:35:30</dateChanged>
    </org.openmrs.module.metadatasharing.Item>
    <org.openmrs.module.metadatasharing.Item id="126" uuid="cbbaef5c-640d-4976-a0a6-517b42eb34db">
      <id>6977</id>
      <classname>org.openmrs.ConceptName</classname>
      <dateChanged id="127">2019-03-18 13:35:30</dateChanged>
    </org.openmrs.module.metadatasharing.Item>
    <org.openmrs.module.metadatasharing.Item id="128" uuid="5da61afc-6fd8-4133-adb2-eb6462555226">
      <id>6978</id>
      <classname>org.openmrs.ConceptName</classname>
      <dateChanged id="129">2019-03-18 13:35:30</dateChanged>
    </org.openmrs.module.metadatasharing.Item>
    <org.openmrs.module.metadatasharing.Item id="130" uuid="3c580dee-fc45-4841-8ad4-416b834234c7">
      <id>6979</id>
      <classname>org.openmrs.ConceptName</classname>
      <dateChanged id="131">2019-03-18 13:35:30</dateChanged>
    </org.openmrs.module.metadatasharing.Item>
    <org.openmrs.module.metadatasharing.Item id="132" uuid="88a831c4-c436-4816-b257-8936e3175e1e">
      <id>3221</id>
      <classname>org.openmrs.ConceptAnswer</classname>
      <dateChanged id="133">2019-03-18 13:42:48</dateChanged>
    </org.openmrs.module.metadatasharing.Item>
    <org.openmrs.module.metadatasharing.Item id="134" uuid="6a5f6ddb-6c67-46ff-8331-cc3b630b629d">
      <id>6980</id>
      <classname>org.openmrs.ConceptName</classname>
      <dateChanged id="135">2019-03-18 13:39:14</dateChanged>
    </org.openmrs.module.metadatasharing.Item>
    <org.openmrs.module.metadatasharing.Item id="136" uuid="75cc943b-0551-434a-870b-b12c300e1936">
      <id>6981</id>
      <classname>org.openmrs.ConceptName</classname>
      <dateChanged id="137">2019-03-18 13:39:14</dateChanged>
    </org.openmrs.module.metadatasharing.Item>
    <org.openmrs.module.metadatasharing.Item id="138" uuid="0ee01bdc-96f7-48c9-b697-9a475225477b">
      <id>6982</id>
      <classname>org.openmrs.ConceptName</classname>
      <dateChanged id="139">2019-03-18 13:39:14</dateChanged>
    </org.openmrs.module.metadatasharing.Item>
    <org.openmrs.module.metadatasharing.Item id="140" uuid="a420cd5c-90f4-4209-a3ea-9e8df7146911">
      <id>6983</id>
      <classname>org.openmrs.ConceptName</classname>
      <dateChanged id="141">2019-03-18 13:39:14</dateChanged>
    </org.openmrs.module.metadatasharing.Item>
    <org.openmrs.module.metadatasharing.Item id="142" uuid="8f346ec9-8417-4896-959e-c8f2a9a8f3be">
      <id>3222</id>
      <classname>org.openmrs.ConceptAnswer</classname>
      <dateChanged id="143">2019-03-18 13:42:48</dateChanged>
    </org.openmrs.module.metadatasharing.Item>
    <org.openmrs.module.metadatasharing.Item id="144" uuid="7c67684f-0ee3-4f30-94cf-27337c3b9b7e">
      <id>3223</id>
      <classname>org.openmrs.ConceptAnswer</classname>
      <dateChanged id="145">2019-03-18 13:49:26</dateChanged>
    </org.openmrs.module.metadatasharing.Item>
    <org.openmrs.module.metadatasharing.Item id="146" uuid="d7d86abb-feb6-4c6b-9e37-0b9fff0dfd48">
      <id>6988</id>
      <classname>org.openmrs.ConceptName</classname>
      <dateChanged id="147">2019-03-18 13:45:48</dateChanged>
    </org.openmrs.module.metadatasharing.Item>
    <org.openmrs.module.metadatasharing.Item id="148" uuid="1d749cd2-0637-4740-bece-eb4262106692">
      <id>6989</id>
      <classname>org.openmrs.ConceptName</classname>
      <dateChanged id="149">2019-03-18 13:45:48</dateChanged>
    </org.openmrs.module.metadatasharing.Item>
    <org.openmrs.module.metadatasharing.Item id="150" uuid="ca44c018-df4d-479d-b4ae-b88695405421">
      <id>6990</id>
      <classname>org.openmrs.ConceptName</classname>
      <dateChanged id="151">2019-03-18 13:45:48</dateChanged>
    </org.openmrs.module.metadatasharing.Item>
    <org.openmrs.module.metadatasharing.Item id="152" uuid="fb170edf-0c91-455f-bc3f-4c0f7d073228">
      <id>6991</id>
      <classname>org.openmrs.ConceptName</classname>
      <dateChanged id="153">2019-03-18 13:45:48</dateChanged>
    </org.openmrs.module.metadatasharing.Item>
    <org.openmrs.module.metadatasharing.Item id="154" uuid="21f5da6a-4e59-434a-ae9e-179e4a5593fe">
      <id>3224</id>
      <classname>org.openmrs.ConceptAnswer</classname>
      <dateChanged id="155">2019-03-18 13:49:26</dateChanged>
    </org.openmrs.module.metadatasharing.Item>
    <org.openmrs.module.metadatasharing.Item id="156" uuid="bf078245-82b9-491b-865b-c2ac6b610d89">
      <id>6992</id>
      <classname>org.openmrs.ConceptName</classname>
      <dateChanged id="157">2019-03-18 13:46:59</dateChanged>
    </org.openmrs.module.metadatasharing.Item>
    <org.openmrs.module.metadatasharing.Item id="158" uuid="a7dd71eb-9b36-4bec-b796-12c3cf712fcd">
      <id>6993</id>
      <classname>org.openmrs.ConceptName</classname>
      <dateChanged id="159">2019-03-18 13:46:59</dateChanged>
    </org.openmrs.module.metadatasharing.Item>
    <org.openmrs.module.metadatasharing.Item id="160" uuid="303b42c8-b5b1-48f7-ad77-410db248bf3b">
      <id>6994</id>
      <classname>org.openmrs.ConceptName</classname>
      <dateChanged id="161">2019-03-18 13:46:59</dateChanged>
    </org.openmrs.module.metadatasharing.Item>
    <org.openmrs.module.metadatasharing.Item id="162" uuid="55b14bee-8d41-4aa3-abc6-576a0f04486a">
      <id>6995</id>
      <classname>org.openmrs.ConceptName</classname>
      <dateChanged id="163">2019-03-18 13:46:59</dateChanged>
    </org.openmrs.module.metadatasharing.Item>
    <org.openmrs.module.metadatasharing.Item id="164" uuid="cf4584af-48b7-4a39-b942-049ef1446999">
      <id>3225</id>
      <classname>org.openmrs.ConceptAnswer</classname>
      <dateChanged id="165">2019-03-18 13:49:26</dateChanged>
    </org.openmrs.module.metadatasharing.Item>
    <org.openmrs.module.metadatasharing.Item id="166" uuid="63d4c55b-ec47-468b-9eb5-827ee7692720">
      <id>3226</id>
      <classname>org.openmrs.ConceptAnswer</classname>
      <dateChanged id="167">2019-03-18 14:11:12</dateChanged>
    </org.openmrs.module.metadatasharing.Item>
    <org.openmrs.module.metadatasharing.Item id="168" uuid="deacaca3-1a01-4c3e-ae3d-d665c70e2ef0">
      <id>3227</id>
      <classname>org.openmrs.ConceptAnswer</classname>
      <dateChanged id="169">2019-03-18 14:11:12</dateChanged>
    </org.openmrs.module.metadatasharing.Item>
    <org.openmrs.module.metadatasharing.Item id="170" uuid="8a883d97-6939-4f0e-a602-b66f7f5ea62f">
      <id>3228</id>
      <classname>org.openmrs.ConceptAnswer</classname>
      <dateChanged id="171">2019-03-18 14:11:12</dateChanged>
    </org.openmrs.module.metadatasharing.Item>
    <org.openmrs.module.metadatasharing.Item id="172" uuid="8f6d81cc-ce30-4600-93c1-ee241c41792f">
      <id>7008</id>
      <classname>org.openmrs.ConceptName</classname>
      <dateChanged id="173">2019-03-18 13:56:41</dateChanged>
    </org.openmrs.module.metadatasharing.Item>
    <org.openmrs.module.metadatasharing.Item id="174" uuid="f96b4e0e-0f27-4667-86dd-8bbbc50dce73">
      <id>7009</id>
      <classname>org.openmrs.ConceptName</classname>
      <dateChanged id="175">2019-03-18 13:56:41</dateChanged>
    </org.openmrs.module.metadatasharing.Item>
    <org.openmrs.module.metadatasharing.Item id="176" uuid="bfcd7321-b1e1-4324-8740-670f05ba9301">
      <id>7010</id>
      <classname>org.openmrs.ConceptName</classname>
      <dateChanged id="177">2019-03-18 13:56:41</dateChanged>
    </org.openmrs.module.metadatasharing.Item>
    <org.openmrs.module.metadatasharing.Item id="178" uuid="d39f8d86-14ac-4c7e-b52e-95a0e0b21b35">
      <id>7011</id>
      <classname>org.openmrs.ConceptName</classname>
      <dateChanged id="179">2019-03-18 13:56:41</dateChanged>
    </org.openmrs.module.metadatasharing.Item>
  </relatedItems>
</package>
