<?xml version="1.0" encoding="UTF-8"?>
<list id="1">
  <org.openmrs.Concept id="2" uuid="145136e0-c701-4785-bc5e-d7f17f11eaf5">
    <conceptId>5281</conceptId>
    <retired>false</retired>
    <datatype id="3" resolves-to="org.openmrs.ConceptDatatype" uuid="8d4a4c94-c2cc-11de-8d13-0010c6dffd0f">
      <name>N/A</name>
      <description>Not associated with a datatype (e.g., term answers, sets)</description>
      <creator/>
      <dateCreated id="4">2004-02-02 00:00:00</dateCreated>
      <retired>false</retired>
      <conceptDatatypeId>4</conceptDatatypeId>
      <hl7Abbreviation>ZZ</hl7Abbreviation>
    </datatype>
    <conceptClass id="5" resolves-to="org.openmrs.ConceptClass" uuid="8d492774-c2cc-11de-8d13-0010c6dffd0f">
      <name>Misc</name>
      <description>Terms which don&apos;t fit other categories</description>
      <creator/>
      <dateCreated id="6">2004-03-02 00:00:00</dateCreated>
      <retired>false</retired>
      <conceptClassId>11</conceptClassId>
    </conceptClass>
    <set>false</set>
    <creator/>
    <dateCreated id="7">2019-03-18 13:16:26</dateCreated>
    <changedBy/>
    <dateChanged id="8">2019-03-20 13:46:55</dateChanged>
    <names class="set" id="9">
      <org.openmrs.ConceptName id="10" uuid="780ac461-6c1f-49af-a657-4b3a734583e7">
        <conceptNameId>6964</conceptNameId>
        <concept reference="2"/>
        <name>Administrative Technician</name>
        <locale id="11">en</locale>
        <creator/>
        <dateCreated id="12">2019-03-18 13:16:26</dateCreated>
        <voided>false</voided>
        <tags class="set" id="13"/>
        <conceptNameType>SHORT</conceptNameType>
        <localePreferred>false</localePreferred>
      </org.openmrs.ConceptName>
      <org.openmrs.ConceptName id="14" uuid="9273218b-4854-4f5d-9c3c-855906c86ea9">
        <conceptNameId>7016</conceptNameId>
        <concept reference="2"/>
        <name>Tecnico Administrativo</name>
        <locale id="15">pt_BR</locale>
        <creator/>
        <dateCreated id="16">2019-03-20 13:46:55</dateCreated>
        <voided>false</voided>
        <tags class="set" id="17"/>
        <conceptNameType>FULLY_SPECIFIED</conceptNameType>
        <localePreferred>true</localePreferred>
        <changedBy/>
        <dateChanged id="18">2019-03-20 13:46:55</dateChanged>
      </org.openmrs.ConceptName>
      <org.openmrs.ConceptName id="19" uuid="546b11c0-5c47-40f5-b45b-e600a823b12a">
        <conceptNameId>6965</conceptNameId>
        <concept reference="2"/>
        <name>Administrative_technician</name>
        <locale id="20">en</locale>
        <creator/>
        <dateCreated id="21">2019-03-18 13:16:26</dateCreated>
        <voided>true</voided>
        <voidedBy/>
        <dateVoided id="22">2019-03-20 13:46:55</dateVoided>
        <voidReason>Deleted due to change of name</voidReason>
        <tags class="set" id="23"/>
        <localePreferred>false</localePreferred>
        <changedBy/>
        <dateChanged id="24">2019-03-20 13:46:55</dateChanged>
      </org.openmrs.ConceptName>
      <org.openmrs.ConceptName id="25" uuid="c4bf548a-e356-4dbb-aeb0-6ea0d5ca7a6a">
        <conceptNameId>6966</conceptNameId>
        <concept reference="2"/>
        <name>Administrative_technician</name>
        <locale id="26">pt_BR</locale>
        <creator/>
        <dateCreated id="27">2019-03-18 13:16:26</dateCreated>
        <voided>true</voided>
        <voidedBy/>
        <dateVoided id="28">2019-03-20 13:46:55</dateVoided>
        <voidReason>Deleted due to change of name</voidReason>
        <tags class="set" id="29"/>
        <localePreferred>false</localePreferred>
        <changedBy/>
        <dateChanged id="30">2019-03-20 13:46:55</dateChanged>
      </org.openmrs.ConceptName>
      <org.openmrs.ConceptName id="31" uuid="54cb27ab-44f2-4c5b-b023-147e5c892be9">
        <conceptNameId>6967</conceptNameId>
        <concept reference="2"/>
        <name>Técnico Administrativo</name>
        <locale id="32">pt_BR</locale>
        <creator/>
        <dateCreated id="33">2019-03-18 13:16:26</dateCreated>
        <voided>false</voided>
        <tags class="set" id="34"/>
        <conceptNameType>SHORT</conceptNameType>
        <localePreferred>false</localePreferred>
      </org.openmrs.ConceptName>
      <org.openmrs.ConceptName id="35" uuid="de0e4f99-e1ad-4dcd-bd53-d7f5e65517ef">
        <conceptNameId>7017</conceptNameId>
        <concept reference="2"/>
        <name>Administrative Techniciann</name>
        <locale id="36">en</locale>
        <creator/>
        <dateCreated id="37">2019-03-20 13:46:55</dateCreated>
        <voided>false</voided>
        <tags class="set" id="38"/>
        <conceptNameType>FULLY_SPECIFIED</conceptNameType>
        <localePreferred>true</localePreferred>
        <changedBy/>
        <dateChanged id="39">2019-03-20 13:46:55</dateChanged>
      </org.openmrs.ConceptName>
    </names>
    <answers class="set" id="40"/>
    <conceptSets class="set" id="41"/>
    <descriptions class="set" id="42"/>
    <conceptMappings class="set" id="43"/>
    <attributes id="44"/>
  </org.openmrs.Concept>
  <org.openmrs.Concept id="45" uuid="b1295316-91b1-44f6-8be3-f363e7e1058f">
    <conceptId>5286</conceptId>
    <retired>false</retired>
    <datatype reference="3"/>
    <conceptClass reference="5"/>
    <set>false</set>
    <creator/>
    <dateCreated id="46">2019-03-18 13:41:56</dateCreated>
    <changedBy/>
    <dateChanged id="47">2019-03-18 13:41:56</dateChanged>
    <names class="set" id="48">
      <org.openmrs.ConceptName id="49" uuid="27faaa3a-2494-4080-bf69-72e5b4009351">
        <conceptNameId>6984</conceptNameId>
        <concept reference="45"/>
        <name>Auxiliar</name>
        <locale id="50">pt_BR</locale>
        <creator/>
        <dateCreated id="51">2019-03-18 13:41:56</dateCreated>
        <voided>false</voided>
        <tags class="set" id="52"/>
        <conceptNameType>SHORT</conceptNameType>
        <localePreferred>false</localePreferred>
      </org.openmrs.ConceptName>
      <org.openmrs.ConceptName id="53" uuid="630b0718-837e-4c62-af26-b4024e5802fc">
        <conceptNameId>6985</conceptNameId>
        <concept reference="45"/>
        <name>Assistant</name>
        <locale id="54">pt_BR</locale>
        <creator/>
        <dateCreated id="55">2019-03-18 13:41:56</dateCreated>
        <voided>false</voided>
        <tags class="set" id="56"/>
        <conceptNameType>FULLY_SPECIFIED</conceptNameType>
        <localePreferred>true</localePreferred>
      </org.openmrs.ConceptName>
      <org.openmrs.ConceptName id="57" uuid="4ef4d18f-c22d-447f-9944-254bc12d3667">
        <conceptNameId>6986</conceptNameId>
        <concept reference="45"/>
        <name>Assistant</name>
        <locale id="58">en</locale>
        <creator/>
        <dateCreated id="59">2019-03-18 13:41:56</dateCreated>
        <voided>false</voided>
        <tags class="set" id="60"/>
        <conceptNameType>SHORT</conceptNameType>
        <localePreferred>false</localePreferred>
      </org.openmrs.ConceptName>
      <org.openmrs.ConceptName id="61" uuid="8fab6b2a-7d15-420b-b119-68ef0bdacd0a">
        <conceptNameId>6987</conceptNameId>
        <concept reference="45"/>
        <name>Assistant</name>
        <locale id="62">en</locale>
        <creator/>
        <dateCreated id="63">2019-03-18 13:41:56</dateCreated>
        <voided>false</voided>
        <tags class="set" id="64"/>
        <conceptNameType>FULLY_SPECIFIED</conceptNameType>
        <localePreferred>true</localePreferred>
      </org.openmrs.ConceptName>
    </names>
    <answers class="set" id="65"/>
    <conceptSets class="set" id="66"/>
    <descriptions class="set" id="67"/>
    <conceptMappings class="set" id="68"/>
    <attributes id="69"/>
  </org.openmrs.Concept>
  <org.openmrs.Concept id="70" uuid="0739f358-5297-45fb-933b-df13014e8db8">
    <conceptId>5283</conceptId>
    <retired>false</retired>
    <datatype reference="3"/>
    <conceptClass reference="5"/>
    <set>false</set>
    <creator/>
    <dateCreated id="71">2019-03-18 13:26:34</dateCreated>
    <changedBy/>
    <dateChanged id="72">2019-03-18 13:26:34</dateChanged>
    <names class="set" id="73">
      <org.openmrs.ConceptName id="74" uuid="8eff7cd0-4d6b-43c2-9e1d-87df230882b7">
        <conceptNameId>6972</conceptNameId>
        <concept reference="70"/>
        <name>Anthropologist</name>
        <locale id="75">en</locale>
        <creator/>
        <dateCreated id="76">2019-03-18 13:26:34</dateCreated>
        <voided>false</voided>
        <tags class="set" id="77"/>
        <conceptNameType>SHORT</conceptNameType>
        <localePreferred>false</localePreferred>
      </org.openmrs.ConceptName>
      <org.openmrs.ConceptName id="78" uuid="2970618b-6a04-4a79-95c8-7b498583f016">
        <conceptNameId>6973</conceptNameId>
        <concept reference="70"/>
        <name>Anthropologist</name>
        <locale id="79">pt_BR</locale>
        <creator/>
        <dateCreated id="80">2019-03-18 13:26:34</dateCreated>
        <voided>false</voided>
        <tags class="set" id="81"/>
        <conceptNameType>FULLY_SPECIFIED</conceptNameType>
        <localePreferred>true</localePreferred>
      </org.openmrs.ConceptName>
      <org.openmrs.ConceptName id="82" uuid="5261e525-79cc-425a-9365-be7130a801e5">
        <conceptNameId>6974</conceptNameId>
        <concept reference="70"/>
        <name>Antropologista</name>
        <locale id="83">pt_BR</locale>
        <creator/>
        <dateCreated id="84">2019-03-18 13:26:34</dateCreated>
        <voided>false</voided>
        <tags class="set" id="85"/>
        <conceptNameType>SHORT</conceptNameType>
        <localePreferred>false</localePreferred>
      </org.openmrs.ConceptName>
      <org.openmrs.ConceptName id="86" uuid="de963629-f758-4a8c-97ec-8c1429215928">
        <conceptNameId>6975</conceptNameId>
        <concept reference="70"/>
        <name>Anthropologist</name>
        <locale id="87">en</locale>
        <creator/>
        <dateCreated id="88">2019-03-18 13:26:34</dateCreated>
        <voided>false</voided>
        <tags class="set" id="89"/>
        <conceptNameType>FULLY_SPECIFIED</conceptNameType>
        <localePreferred>true</localePreferred>
      </org.openmrs.ConceptName>
    </names>
    <answers class="set" id="90"/>
    <conceptSets class="set" id="91"/>
    <descriptions class="set" id="92"/>
    <conceptMappings class="set" id="93"/>
    <attributes id="94"/>
  </org.openmrs.Concept>
  <org.openmrs.Concept id="95" uuid="e2cf911c-9f06-4ff3-882b-a765f4403b02">
    <conceptId>5290</conceptId>
    <retired>false</retired>
    <datatype reference="3"/>
    <conceptClass reference="5"/>
    <set>false</set>
    <creator/>
    <dateCreated id="96">2019-03-18 13:53:52</dateCreated>
    <changedBy/>
    <dateChanged id="97">2019-03-18 13:53:52</dateChanged>
    <names class="set" id="98">
      <org.openmrs.ConceptName id="99" uuid="28ce948a-4e21-445e-bcfc-c0cbc0e156ad">
        <conceptNameId>7000</conceptNameId>
        <concept reference="95"/>
        <name>Drummer</name>
        <locale id="100">en</locale>
        <creator/>
        <dateCreated id="101">2019-03-18 13:53:52</dateCreated>
        <voided>false</voided>
        <tags class="set" id="102"/>
        <conceptNameType>SHORT</conceptNameType>
        <localePreferred>false</localePreferred>
      </org.openmrs.ConceptName>
      <org.openmrs.ConceptName id="103" uuid="70af330a-e871-42f6-9014-a84afa308b75">
        <conceptNameId>7001</conceptNameId>
        <concept reference="95"/>
        <name>Drummer</name>
        <locale id="104">en</locale>
        <creator/>
        <dateCreated id="105">2019-03-18 13:53:52</dateCreated>
        <voided>false</voided>
        <tags class="set" id="106"/>
        <conceptNameType>FULLY_SPECIFIED</conceptNameType>
        <localePreferred>true</localePreferred>
      </org.openmrs.ConceptName>
      <org.openmrs.ConceptName id="107" uuid="e11aa3f0-1f42-4b61-8ee2-503eaa87c59d">
        <conceptNameId>7002</conceptNameId>
        <concept reference="95"/>
        <name>Drummer</name>
        <locale id="108">pt_BR</locale>
        <creator/>
        <dateCreated id="109">2019-03-18 13:53:52</dateCreated>
        <voided>false</voided>
        <tags class="set" id="110"/>
        <conceptNameType>FULLY_SPECIFIED</conceptNameType>
        <localePreferred>true</localePreferred>
      </org.openmrs.ConceptName>
      <org.openmrs.ConceptName id="111" uuid="ef17bc18-6eb5-47d9-903f-d6ac171932a9">
        <conceptNameId>7003</conceptNameId>
        <concept reference="95"/>
        <name>Batumador</name>
        <locale id="112">pt_BR</locale>
        <creator/>
        <dateCreated id="113">2019-03-18 13:53:52</dateCreated>
        <voided>false</voided>
        <tags class="set" id="114"/>
        <conceptNameType>SHORT</conceptNameType>
        <localePreferred>false</localePreferred>
      </org.openmrs.ConceptName>
    </names>
    <answers class="set" id="115"/>
    <conceptSets class="set" id="116"/>
    <descriptions class="set" id="117"/>
    <conceptMappings class="set" id="118"/>
    <attributes id="119"/>
  </org.openmrs.Concept>
  <org.openmrs.Concept id="120" uuid="6076c283-1b09-42b8-8bb8-434ce86ee59a">
    <conceptId>5291</conceptId>
    <retired>false</retired>
    <datatype reference="3"/>
    <conceptClass reference="5"/>
    <set>false</set>
    <creator/>
    <dateCreated id="121">2019-03-18 13:55:18</dateCreated>
    <changedBy/>
    <dateChanged id="122">2019-03-18 13:55:18</dateChanged>
    <names class="set" id="123">
      <org.openmrs.ConceptName id="124" uuid="5e28c747-8f5f-41b4-969b-62152e8ca990">
        <conceptNameId>7004</conceptNameId>
        <concept reference="120"/>
        <name>Biologist</name>
        <locale id="125">pt_BR</locale>
        <creator/>
        <dateCreated id="126">2019-03-18 13:55:18</dateCreated>
        <voided>false</voided>
        <tags class="set" id="127"/>
        <conceptNameType>FULLY_SPECIFIED</conceptNameType>
        <localePreferred>true</localePreferred>
      </org.openmrs.ConceptName>
      <org.openmrs.ConceptName id="128" uuid="26f12a3a-6e2a-40d2-834a-d55d608480d1">
        <conceptNameId>7005</conceptNameId>
        <concept reference="120"/>
        <name>Biologist</name>
        <locale id="129">en</locale>
        <creator/>
        <dateCreated id="130">2019-03-18 13:55:18</dateCreated>
        <voided>false</voided>
        <tags class="set" id="131"/>
        <conceptNameType>FULLY_SPECIFIED</conceptNameType>
        <localePreferred>true</localePreferred>
      </org.openmrs.ConceptName>
      <org.openmrs.ConceptName id="132" uuid="c65b5554-4297-4121-95e8-d997b1023193">
        <conceptNameId>7006</conceptNameId>
        <concept reference="120"/>
        <name>Biólogo</name>
        <locale id="133">pt_BR</locale>
        <creator/>
        <dateCreated id="134">2019-03-18 13:55:18</dateCreated>
        <voided>false</voided>
        <tags class="set" id="135"/>
        <conceptNameType>SHORT</conceptNameType>
        <localePreferred>false</localePreferred>
      </org.openmrs.ConceptName>
      <org.openmrs.ConceptName id="136" uuid="73e3805e-224d-4c0c-875f-05152820dde7">
        <conceptNameId>7007</conceptNameId>
        <concept reference="120"/>
        <name>Biologist</name>
        <locale id="137">en</locale>
        <creator/>
        <dateCreated id="138">2019-03-18 13:55:18</dateCreated>
        <voided>false</voided>
        <tags class="set" id="139"/>
        <conceptNameType>SHORT</conceptNameType>
        <localePreferred>false</localePreferred>
      </org.openmrs.ConceptName>
    </names>
    <answers class="set" id="140"/>
    <conceptSets class="set" id="141"/>
    <descriptions class="set" id="142"/>
    <conceptMappings class="set" id="143"/>
    <attributes id="144"/>
  </org.openmrs.Concept>
  <org.openmrs.Concept id="145" uuid="a16006d0-6d6d-465a-b995-bb029b14f918">
    <conceptId>5289</conceptId>
    <retired>false</retired>
    <datatype reference="3"/>
    <conceptClass reference="5"/>
    <set>false</set>
    <creator/>
    <dateCreated id="146">2019-03-18 13:48:16</dateCreated>
    <changedBy/>
    <dateChanged id="147">2019-03-18 13:48:16</dateChanged>
    <names class="set" id="148">
      <org.openmrs.ConceptName id="149" uuid="9b33133c-7c55-4499-be51-01b47a6b9672">
        <conceptNameId>6996</conceptNameId>
        <concept reference="145"/>
        <name>Boatman</name>
        <locale id="150">en</locale>
        <creator/>
        <dateCreated id="151">2019-03-18 13:48:16</dateCreated>
        <voided>false</voided>
        <tags class="set" id="152"/>
        <conceptNameType>SHORT</conceptNameType>
        <localePreferred>false</localePreferred>
      </org.openmrs.ConceptName>
      <org.openmrs.ConceptName id="153" uuid="31eb336f-8ce8-45e4-84a7-cbc10dccd854">
        <conceptNameId>6997</conceptNameId>
        <concept reference="145"/>
        <name>Barqueiro</name>
        <locale id="154">pt_BR</locale>
        <creator/>
        <dateCreated id="155">2019-03-18 13:48:16</dateCreated>
        <voided>false</voided>
        <tags class="set" id="156"/>
        <conceptNameType>SHORT</conceptNameType>
        <localePreferred>false</localePreferred>
      </org.openmrs.ConceptName>
      <org.openmrs.ConceptName id="157" uuid="2ebc5191-906c-422c-bea5-9be650b467fe">
        <conceptNameId>6998</conceptNameId>
        <concept reference="145"/>
        <name>Boatman</name>
        <locale id="158">en</locale>
        <creator/>
        <dateCreated id="159">2019-03-18 13:48:16</dateCreated>
        <voided>false</voided>
        <tags class="set" id="160"/>
        <conceptNameType>FULLY_SPECIFIED</conceptNameType>
        <localePreferred>true</localePreferred>
      </org.openmrs.ConceptName>
      <org.openmrs.ConceptName id="161" uuid="36cf0959-aca8-4a61-812b-8098582d016c">
        <conceptNameId>6999</conceptNameId>
        <concept reference="145"/>
        <name>Boatman</name>
        <locale id="162">pt_BR</locale>
        <creator/>
        <dateCreated id="163">2019-03-18 13:48:16</dateCreated>
        <voided>false</voided>
        <tags class="set" id="164"/>
        <conceptNameType>FULLY_SPECIFIED</conceptNameType>
        <localePreferred>true</localePreferred>
      </org.openmrs.ConceptName>
    </names>
    <answers class="set" id="165"/>
    <conceptSets class="set" id="166"/>
    <descriptions class="set" id="167"/>
    <conceptMappings class="set" id="168"/>
    <attributes id="169"/>
  </org.openmrs.Concept>
  <org.openmrs.Concept id="170" uuid="5da02889-abd6-47ae-b6a7-87b34c3a666b">
    <conceptId>5282</conceptId>
    <retired>false</retired>
    <datatype reference="3"/>
    <conceptClass reference="5"/>
    <set>false</set>
    <creator/>
    <dateCreated id="171">2019-03-18 13:17:28</dateCreated>
    <changedBy/>
    <dateChanged id="172">2019-03-18 13:17:28</dateChanged>
    <names class="set" id="173">
      <org.openmrs.ConceptName id="174" uuid="6cad646e-05da-4854-a35b-fb6e67b3580a">
        <conceptNameId>6968</conceptNameId>
        <concept reference="170"/>
        <name>Farmer</name>
        <locale id="175">en</locale>
        <creator/>
        <dateCreated id="176">2019-03-18 13:17:28</dateCreated>
        <voided>false</voided>
        <tags class="set" id="177"/>
        <conceptNameType>FULLY_SPECIFIED</conceptNameType>
        <localePreferred>true</localePreferred>
      </org.openmrs.ConceptName>
      <org.openmrs.ConceptName id="178" uuid="a49bbc5f-b783-4926-9d31-ca7b0ade7157">
        <conceptNameId>6969</conceptNameId>
        <concept reference="170"/>
        <name>Agricultor</name>
        <locale id="179">pt_BR</locale>
        <creator/>
        <dateCreated id="180">2019-03-18 13:17:28</dateCreated>
        <voided>false</voided>
        <tags class="set" id="181"/>
        <conceptNameType>SHORT</conceptNameType>
        <localePreferred>false</localePreferred>
      </org.openmrs.ConceptName>
      <org.openmrs.ConceptName id="182" uuid="bb5554ca-b511-4027-8658-099bc247e9c6">
        <conceptNameId>6970</conceptNameId>
        <concept reference="170"/>
        <name>Farmer</name>
        <locale id="183">en</locale>
        <creator/>
        <dateCreated id="184">2019-03-18 13:17:28</dateCreated>
        <voided>false</voided>
        <tags class="set" id="185"/>
        <conceptNameType>SHORT</conceptNameType>
        <localePreferred>false</localePreferred>
      </org.openmrs.ConceptName>
      <org.openmrs.ConceptName id="186" uuid="316bf7d8-b436-4aad-bfd5-ac97b0913207">
        <conceptNameId>6971</conceptNameId>
        <concept reference="170"/>
        <name>Farmer</name>
        <locale id="187">pt_BR</locale>
        <creator/>
        <dateCreated id="188">2019-03-18 13:17:28</dateCreated>
        <voided>false</voided>
        <tags class="set" id="189"/>
        <conceptNameType>FULLY_SPECIFIED</conceptNameType>
        <localePreferred>true</localePreferred>
      </org.openmrs.ConceptName>
    </names>
    <answers class="set" id="190"/>
    <conceptSets class="set" id="191"/>
    <descriptions class="set" id="192"/>
    <conceptMappings class="set" id="193"/>
    <attributes id="194"/>
  </org.openmrs.Concept>
  <org.openmrs.Concept id="195" uuid="c221869a-3f10-11e4-adec-0800271c1b75">
    <conceptId>109</conceptId>
    <retired>false</retired>
    <datatype id="196" resolves-to="org.openmrs.ConceptDatatype" uuid="8d4a48b6-c2cc-11de-8d13-0010c6dffd0f">
      <name>Coded</name>
      <description>Value determined by term dictionary lookup (i.e., term identifier)</description>
      <creator/>
      <dateCreated id="197">2004-02-02 00:00:00</dateCreated>
      <retired>false</retired>
      <conceptDatatypeId>2</conceptDatatypeId>
      <hl7Abbreviation>CWE</hl7Abbreviation>
    </datatype>
    <conceptClass reference="5"/>
    <set>false</set>
    <creator/>
    <dateCreated id="198">2014-09-18 14:19:53</dateCreated>
    <changedBy/>
    <dateChanged id="199">2019-03-18 14:11:12</dateChanged>
    <names class="set" id="200">
      <org.openmrs.ConceptName id="201" uuid="c2218e0e-3f10-11e4-adec-0800271c1b75">
        <conceptNameId>227</conceptNameId>
        <concept reference="195"/>
        <name>Occupation</name>
        <locale id="202">en</locale>
        <creator/>
        <dateCreated id="203">2014-09-18 14:19:53</dateCreated>
        <voided>false</voided>
        <tags class="set" id="204"/>
        <conceptNameType>FULLY_SPECIFIED</conceptNameType>
        <localePreferred>true</localePreferred>
      </org.openmrs.ConceptName>
      <org.openmrs.ConceptName id="205" uuid="c2218ad8-3f10-11e4-adec-0800271c1b75">
        <conceptNameId>226</conceptNameId>
        <concept reference="195"/>
        <name>occupation</name>
        <locale id="206">en</locale>
        <creator/>
        <dateCreated id="207">2014-09-18 14:19:53</dateCreated>
        <voided>false</voided>
        <tags class="set" id="208"/>
        <conceptNameType>SHORT</conceptNameType>
        <localePreferred>false</localePreferred>
      </org.openmrs.ConceptName>
    </names>
    <answers class="set" id="209">
      <org.openmrs.ConceptAnswer id="210" uuid="88a831c4-c436-4816-b257-8936e3175e1e">
        <conceptAnswerId>3221</conceptAnswerId>
        <concept reference="195"/>
        <answerConcept id="211" resolves-to="org.openmrs.Concept" uuid="9c1a16de-d44b-4051-b6f6-dad851a92a11">
          <conceptId>5285</conceptId>
          <retired>false</retired>
          <datatype reference="3"/>
          <conceptClass reference="5"/>
          <set>false</set>
          <creator/>
          <dateCreated id="212">2019-03-18 13:39:14</dateCreated>
          <changedBy/>
          <dateChanged id="213">2019-03-18 13:39:14</dateChanged>
          <names class="set" id="214">
            <org.openmrs.ConceptName id="215" uuid="6a5f6ddb-6c67-46ff-8331-cc3b630b629d">
              <conceptNameId>6980</conceptNameId>
              <concept reference="211"/>
              <name>Social_worker</name>
              <locale id="216">pt_BR</locale>
              <creator/>
              <dateCreated id="217">2019-03-18 13:39:14</dateCreated>
              <voided>false</voided>
              <tags class="set" id="218"/>
              <conceptNameType>FULLY_SPECIFIED</conceptNameType>
              <localePreferred>true</localePreferred>
            </org.openmrs.ConceptName>
            <org.openmrs.ConceptName id="219" uuid="75cc943b-0551-434a-870b-b12c300e1936">
              <conceptNameId>6981</conceptNameId>
              <concept reference="211"/>
              <name>Social_worker</name>
              <locale id="220">en</locale>
              <creator/>
              <dateCreated id="221">2019-03-18 13:39:14</dateCreated>
              <voided>false</voided>
              <tags class="set" id="222"/>
              <conceptNameType>FULLY_SPECIFIED</conceptNameType>
              <localePreferred>true</localePreferred>
            </org.openmrs.ConceptName>
            <org.openmrs.ConceptName id="223" uuid="0ee01bdc-96f7-48c9-b697-9a475225477b">
              <conceptNameId>6982</conceptNameId>
              <concept reference="211"/>
              <name>Social Worker</name>
              <locale id="224">en</locale>
              <creator/>
              <dateCreated id="225">2019-03-18 13:39:14</dateCreated>
              <voided>false</voided>
              <tags class="set" id="226"/>
              <conceptNameType>SHORT</conceptNameType>
              <localePreferred>false</localePreferred>
            </org.openmrs.ConceptName>
            <org.openmrs.ConceptName id="227" uuid="a420cd5c-90f4-4209-a3ea-9e8df7146911">
              <conceptNameId>6983</conceptNameId>
              <concept reference="211"/>
              <name>Assistente Social</name>
              <locale id="228">pt_BR</locale>
              <creator/>
              <dateCreated id="229">2019-03-18 13:39:14</dateCreated>
              <voided>false</voided>
              <tags class="set" id="230"/>
              <conceptNameType>SHORT</conceptNameType>
              <localePreferred>false</localePreferred>
            </org.openmrs.ConceptName>
          </names>
          <answers class="set" id="231"/>
          <conceptSets class="set" id="232"/>
          <descriptions class="set" id="233"/>
          <conceptMappings class="set" id="234"/>
          <attributes id="235"/>
        </answerConcept>
        <creator/>
        <dateCreated id="236">2019-03-18 13:42:48</dateCreated>
        <sortWeight>6.0</sortWeight>
      </org.openmrs.ConceptAnswer>
      <org.openmrs.ConceptAnswer id="237" uuid="1a9d8559-b264-4efa-9671-160eacba8b37">
        <conceptAnswerId>3220</conceptAnswerId>
        <concept reference="195"/>
        <answerConcept id="238" resolves-to="org.openmrs.Concept" uuid="77238376-184f-40a3-abe7-cb1568522d82">
          <conceptId>5284</conceptId>
          <retired>false</retired>
          <datatype reference="3"/>
          <conceptClass reference="5"/>
          <set>false</set>
          <creator/>
          <dateCreated id="239">2019-03-18 13:35:30</dateCreated>
          <changedBy/>
          <dateChanged id="240">2019-03-18 13:35:30</dateChanged>
          <names class="set" id="241">
            <org.openmrs.ConceptName id="242" uuid="4cb3b6ce-fb76-43e5-b58a-f4dc40a7b907">
              <conceptNameId>6976</conceptNameId>
              <concept reference="238"/>
              <name>Architect</name>
              <locale id="243">en</locale>
              <creator/>
              <dateCreated id="244">2019-03-18 13:35:30</dateCreated>
              <voided>false</voided>
              <tags class="set" id="245"/>
              <conceptNameType>SHORT</conceptNameType>
              <localePreferred>false</localePreferred>
            </org.openmrs.ConceptName>
            <org.openmrs.ConceptName id="246" uuid="cbbaef5c-640d-4976-a0a6-517b42eb34db">
              <conceptNameId>6977</conceptNameId>
              <concept reference="238"/>
              <name>Architect</name>
              <locale id="247">en</locale>
              <creator/>
              <dateCreated id="248">2019-03-18 13:35:30</dateCreated>
              <voided>false</voided>
              <tags class="set" id="249"/>
              <conceptNameType>FULLY_SPECIFIED</conceptNameType>
              <localePreferred>true</localePreferred>
            </org.openmrs.ConceptName>
            <org.openmrs.ConceptName id="250" uuid="5da61afc-6fd8-4133-adb2-eb6462555226">
              <conceptNameId>6978</conceptNameId>
              <concept reference="238"/>
              <name>Architect</name>
              <locale id="251">pt_BR</locale>
              <creator/>
              <dateCreated id="252">2019-03-18 13:35:30</dateCreated>
              <voided>false</voided>
              <tags class="set" id="253"/>
              <conceptNameType>FULLY_SPECIFIED</conceptNameType>
              <localePreferred>true</localePreferred>
            </org.openmrs.ConceptName>
            <org.openmrs.ConceptName id="254" uuid="3c580dee-fc45-4841-8ad4-416b834234c7">
              <conceptNameId>6979</conceptNameId>
              <concept reference="238"/>
              <name>Arquitecto</name>
              <locale id="255">pt_BR</locale>
              <creator/>
              <dateCreated id="256">2019-03-18 13:35:30</dateCreated>
              <voided>false</voided>
              <tags class="set" id="257"/>
              <conceptNameType>SHORT</conceptNameType>
              <localePreferred>false</localePreferred>
            </org.openmrs.ConceptName>
          </names>
          <answers class="set" id="258"/>
          <conceptSets class="set" id="259"/>
          <descriptions class="set" id="260"/>
          <conceptMappings class="set" id="261"/>
          <attributes id="262"/>
        </answerConcept>
        <creator/>
        <dateCreated id="263">2019-03-18 13:42:48</dateCreated>
        <sortWeight>5.0</sortWeight>
      </org.openmrs.ConceptAnswer>
      <org.openmrs.ConceptAnswer id="264" uuid="8a883d97-6939-4f0e-a602-b66f7f5ea62f">
        <conceptAnswerId>3228</conceptAnswerId>
        <concept reference="195"/>
        <answerConcept id="265" resolves-to="org.openmrs.Concept" uuid="d25d753d-74d8-4541-acd3-fd7633a27a6a">
          <conceptId>5292</conceptId>
          <retired>false</retired>
          <datatype reference="3"/>
          <conceptClass reference="5"/>
          <set>false</set>
          <creator/>
          <dateCreated id="266">2019-03-18 13:56:41</dateCreated>
          <changedBy/>
          <dateChanged id="267">2019-03-18 13:56:41</dateChanged>
          <names class="set" id="268">
            <org.openmrs.ConceptName id="269" uuid="8f6d81cc-ce30-4600-93c1-ee241c41792f">
              <conceptNameId>7008</conceptNameId>
              <concept reference="265"/>
              <name>Fireman</name>
              <locale id="270">en</locale>
              <creator/>
              <dateCreated id="271">2019-03-18 13:56:41</dateCreated>
              <voided>false</voided>
              <tags class="set" id="272"/>
              <conceptNameType>SHORT</conceptNameType>
              <localePreferred>false</localePreferred>
            </org.openmrs.ConceptName>
            <org.openmrs.ConceptName id="273" uuid="f96b4e0e-0f27-4667-86dd-8bbbc50dce73">
              <conceptNameId>7009</conceptNameId>
              <concept reference="265"/>
              <name>Fireman</name>
              <locale id="274">pt_BR</locale>
              <creator/>
              <dateCreated id="275">2019-03-18 13:56:41</dateCreated>
              <voided>false</voided>
              <tags class="set" id="276"/>
              <conceptNameType>FULLY_SPECIFIED</conceptNameType>
              <localePreferred>true</localePreferred>
            </org.openmrs.ConceptName>
            <org.openmrs.ConceptName id="277" uuid="bfcd7321-b1e1-4324-8740-670f05ba9301">
              <conceptNameId>7010</conceptNameId>
              <concept reference="265"/>
              <name>Bombeiro</name>
              <locale id="278">pt_BR</locale>
              <creator/>
              <dateCreated id="279">2019-03-18 13:56:41</dateCreated>
              <voided>false</voided>
              <tags class="set" id="280"/>
              <conceptNameType>SHORT</conceptNameType>
              <localePreferred>false</localePreferred>
            </org.openmrs.ConceptName>
            <org.openmrs.ConceptName id="281" uuid="d39f8d86-14ac-4c7e-b52e-95a0e0b21b35">
              <conceptNameId>7011</conceptNameId>
              <concept reference="265"/>
              <name>Fireman</name>
              <locale id="282">en</locale>
              <creator/>
              <dateCreated id="283">2019-03-18 13:56:41</dateCreated>
              <voided>false</voided>
              <tags class="set" id="284"/>
              <conceptNameType>FULLY_SPECIFIED</conceptNameType>
              <localePreferred>true</localePreferred>
            </org.openmrs.ConceptName>
          </names>
          <answers class="set" id="285"/>
          <conceptSets class="set" id="286"/>
          <descriptions class="set" id="287"/>
          <conceptMappings class="set" id="288"/>
          <attributes id="289"/>
        </answerConcept>
        <creator/>
        <dateCreated id="290">2019-03-18 14:11:12</dateCreated>
        <sortWeight>13.0</sortWeight>
      </org.openmrs.ConceptAnswer>
      <org.openmrs.ConceptAnswer id="291" uuid="7c67684f-0ee3-4f30-94cf-27337c3b9b7e">
        <conceptAnswerId>3223</conceptAnswerId>
        <concept reference="195"/>
        <answerConcept id="292" resolves-to="org.openmrs.Concept" uuid="162220c7-2c92-4b81-a36a-6b91f82004db">
          <conceptId>5287</conceptId>
          <retired>false</retired>
          <datatype reference="3"/>
          <conceptClass reference="5"/>
          <set>false</set>
          <creator/>
          <dateCreated id="293">2019-03-18 13:45:48</dateCreated>
          <changedBy/>
          <dateChanged id="294">2019-03-18 13:45:48</dateChanged>
          <names class="set" id="295">
            <org.openmrs.ConceptName id="296" uuid="d7d86abb-feb6-4c6b-9e37-0b9fff0dfd48">
              <conceptNameId>6988</conceptNameId>
              <concept reference="292"/>
              <name>Banker</name>
              <locale id="297">en</locale>
              <creator/>
              <dateCreated id="298">2019-03-18 13:45:48</dateCreated>
              <voided>false</voided>
              <tags class="set" id="299"/>
              <conceptNameType>FULLY_SPECIFIED</conceptNameType>
              <localePreferred>true</localePreferred>
            </org.openmrs.ConceptName>
            <org.openmrs.ConceptName id="300" uuid="1d749cd2-0637-4740-bece-eb4262106692">
              <conceptNameId>6989</conceptNameId>
              <concept reference="292"/>
              <name>Banker</name>
              <locale id="301">en</locale>
              <creator/>
              <dateCreated id="302">2019-03-18 13:45:48</dateCreated>
              <voided>false</voided>
              <tags class="set" id="303"/>
              <conceptNameType>SHORT</conceptNameType>
              <localePreferred>false</localePreferred>
            </org.openmrs.ConceptName>
            <org.openmrs.ConceptName id="304" uuid="ca44c018-df4d-479d-b4ae-b88695405421">
              <conceptNameId>6990</conceptNameId>
              <concept reference="292"/>
              <name>Banker</name>
              <locale id="305">pt_BR</locale>
              <creator/>
              <dateCreated id="306">2019-03-18 13:45:48</dateCreated>
              <voided>false</voided>
              <tags class="set" id="307"/>
              <conceptNameType>FULLY_SPECIFIED</conceptNameType>
              <localePreferred>true</localePreferred>
            </org.openmrs.ConceptName>
            <org.openmrs.ConceptName id="308" uuid="fb170edf-0c91-455f-bc3f-4c0f7d073228">
              <conceptNameId>6991</conceptNameId>
              <concept reference="292"/>
              <name>Banqueiro</name>
              <locale id="309">pt_BR</locale>
              <creator/>
              <dateCreated id="310">2019-03-18 13:45:48</dateCreated>
              <voided>false</voided>
              <tags class="set" id="311"/>
              <conceptNameType>SHORT</conceptNameType>
              <localePreferred>false</localePreferred>
            </org.openmrs.ConceptName>
          </names>
          <answers class="set" id="312"/>
          <conceptSets class="set" id="313"/>
          <descriptions class="set" id="314"/>
          <conceptMappings class="set" id="315"/>
          <attributes id="316"/>
        </answerConcept>
        <creator/>
        <dateCreated id="317">2019-03-18 13:49:26</dateCreated>
        <sortWeight>8.0</sortWeight>
      </org.openmrs.ConceptAnswer>
      <org.openmrs.ConceptAnswer id="318" uuid="21f5da6a-4e59-434a-ae9e-179e4a5593fe">
        <conceptAnswerId>3224</conceptAnswerId>
        <concept reference="195"/>
        <answerConcept id="319" resolves-to="org.openmrs.Concept" uuid="32296bdb-ec30-4c20-8264-f4f779f5a56c">
          <conceptId>5288</conceptId>
          <retired>false</retired>
          <datatype reference="3"/>
          <conceptClass reference="5"/>
          <set>false</set>
          <creator/>
          <dateCreated id="320">2019-03-18 13:46:59</dateCreated>
          <changedBy/>
          <dateChanged id="321">2019-03-18 13:46:59</dateChanged>
          <names class="set" id="322">
            <org.openmrs.ConceptName id="323" uuid="bf078245-82b9-491b-865b-c2ac6b610d89">
              <conceptNameId>6992</conceptNameId>
              <concept reference="319"/>
              <name>Barber</name>
              <locale id="324">en</locale>
              <creator/>
              <dateCreated id="325">2019-03-18 13:46:59</dateCreated>
              <voided>false</voided>
              <tags class="set" id="326"/>
              <conceptNameType>SHORT</conceptNameType>
              <localePreferred>false</localePreferred>
            </org.openmrs.ConceptName>
            <org.openmrs.ConceptName id="327" uuid="a7dd71eb-9b36-4bec-b796-12c3cf712fcd">
              <conceptNameId>6993</conceptNameId>
              <concept reference="319"/>
              <name>Barber</name>
              <locale id="328">pt_BR</locale>
              <creator/>
              <dateCreated id="329">2019-03-18 13:46:59</dateCreated>
              <voided>false</voided>
              <tags class="set" id="330"/>
              <conceptNameType>FULLY_SPECIFIED</conceptNameType>
              <localePreferred>true</localePreferred>
            </org.openmrs.ConceptName>
            <org.openmrs.ConceptName id="331" uuid="303b42c8-b5b1-48f7-ad77-410db248bf3b">
              <conceptNameId>6994</conceptNameId>
              <concept reference="319"/>
              <name>Barbeiro</name>
              <locale id="332">pt_BR</locale>
              <creator/>
              <dateCreated id="333">2019-03-18 13:46:59</dateCreated>
              <voided>false</voided>
              <tags class="set" id="334"/>
              <conceptNameType>SHORT</conceptNameType>
              <localePreferred>false</localePreferred>
            </org.openmrs.ConceptName>
            <org.openmrs.ConceptName id="335" uuid="55b14bee-8d41-4aa3-abc6-576a0f04486a">
              <conceptNameId>6995</conceptNameId>
              <concept reference="319"/>
              <name>Barber</name>
              <locale id="336">en</locale>
              <creator/>
              <dateCreated id="337">2019-03-18 13:46:59</dateCreated>
              <voided>false</voided>
              <tags class="set" id="338"/>
              <conceptNameType>FULLY_SPECIFIED</conceptNameType>
              <localePreferred>true</localePreferred>
            </org.openmrs.ConceptName>
          </names>
          <answers class="set" id="339"/>
          <conceptSets class="set" id="340"/>
          <descriptions class="set" id="341"/>
          <conceptMappings class="set" id="342"/>
          <attributes id="343"/>
        </answerConcept>
        <creator/>
        <dateCreated id="344">2019-03-18 13:49:26</dateCreated>
        <sortWeight>9.0</sortWeight>
      </org.openmrs.ConceptAnswer>
      <org.openmrs.ConceptAnswer id="345" uuid="cf4584af-48b7-4a39-b942-049ef1446999">
        <conceptAnswerId>3225</conceptAnswerId>
        <concept reference="195"/>
        <answerConcept reference="145"/>
        <creator/>
        <dateCreated id="346">2019-03-18 13:49:26</dateCreated>
        <sortWeight>10.0</sortWeight>
      </org.openmrs.ConceptAnswer>
      <org.openmrs.ConceptAnswer id="347" uuid="0ccc9006-e76c-4263-a665-857257469dba">
        <conceptAnswerId>3218</conceptAnswerId>
        <concept reference="195"/>
        <answerConcept reference="170"/>
        <creator/>
        <dateCreated id="348">2019-03-18 13:26:52</dateCreated>
        <sortWeight>3.0</sortWeight>
      </org.openmrs.ConceptAnswer>
      <org.openmrs.ConceptAnswer id="349" uuid="0b791211-4ee8-4fe5-963f-f57a87ae2605">
        <conceptAnswerId>3219</conceptAnswerId>
        <concept reference="195"/>
        <answerConcept reference="70"/>
        <creator/>
        <dateCreated id="350">2019-03-18 13:26:52</dateCreated>
        <sortWeight>4.0</sortWeight>
      </org.openmrs.ConceptAnswer>
      <org.openmrs.ConceptAnswer id="351" uuid="deacaca3-1a01-4c3e-ae3d-d665c70e2ef0">
        <conceptAnswerId>3227</conceptAnswerId>
        <concept reference="195"/>
        <answerConcept reference="120"/>
        <creator/>
        <dateCreated id="352">2019-03-18 14:11:12</dateCreated>
        <sortWeight>12.0</sortWeight>
      </org.openmrs.ConceptAnswer>
      <org.openmrs.ConceptAnswer id="353" uuid="75d15e5f-c3d5-4d66-9c4a-80a015ded133">
        <conceptAnswerId>3216</conceptAnswerId>
        <concept reference="195"/>
        <answerConcept id="354" resolves-to="org.openmrs.Concept" uuid="43297d73-91b7-4c9e-a63c-7123979f92a5">
          <conceptId>5280</conceptId>
          <retired>false</retired>
          <datatype reference="3"/>
          <conceptClass reference="5"/>
          <set>false</set>
          <creator/>
          <dateCreated id="355">2019-03-18 13:14:14</dateCreated>
          <changedBy/>
          <dateChanged id="356">2019-03-18 13:14:14</dateChanged>
          <names class="set" id="357">
            <org.openmrs.ConceptName id="358" uuid="48787359-25e2-4553-bee9-96bffb309f0f">
              <conceptNameId>6960</conceptNameId>
              <concept reference="354"/>
              <name>Activist</name>
              <locale id="359">pt_BR</locale>
              <creator/>
              <dateCreated id="360">2019-03-18 13:14:14</dateCreated>
              <voided>false</voided>
              <tags class="set" id="361"/>
              <conceptNameType>FULLY_SPECIFIED</conceptNameType>
              <localePreferred>true</localePreferred>
            </org.openmrs.ConceptName>
            <org.openmrs.ConceptName id="362" uuid="fc27f73b-69e2-4c4f-9ef3-3f072ea50be8">
              <conceptNameId>6961</conceptNameId>
              <concept reference="354"/>
              <name>Activist</name>
              <locale id="363">en</locale>
              <creator/>
              <dateCreated id="364">2019-03-18 13:14:14</dateCreated>
              <voided>false</voided>
              <tags class="set" id="365"/>
              <conceptNameType>SHORT</conceptNameType>
              <localePreferred>false</localePreferred>
            </org.openmrs.ConceptName>
            <org.openmrs.ConceptName id="366" uuid="f013a6e0-c303-45d1-ab50-7ff9da2915f5">
              <conceptNameId>6962</conceptNameId>
              <concept reference="354"/>
              <name>Activist</name>
              <locale id="367">en</locale>
              <creator/>
              <dateCreated id="368">2019-03-18 13:14:14</dateCreated>
              <voided>false</voided>
              <tags class="set" id="369"/>
              <conceptNameType>FULLY_SPECIFIED</conceptNameType>
              <localePreferred>true</localePreferred>
            </org.openmrs.ConceptName>
            <org.openmrs.ConceptName id="370" uuid="1114ec38-c73e-4851-a6dd-cb92a79074d2">
              <conceptNameId>6963</conceptNameId>
              <concept reference="354"/>
              <name>Activista</name>
              <locale id="371">pt_BR</locale>
              <creator/>
              <dateCreated id="372">2019-03-18 13:14:14</dateCreated>
              <voided>false</voided>
              <tags class="set" id="373"/>
              <conceptNameType>SHORT</conceptNameType>
              <localePreferred>false</localePreferred>
            </org.openmrs.ConceptName>
          </names>
          <answers class="set" id="374"/>
          <conceptSets class="set" id="375"/>
          <descriptions class="set" id="376"/>
          <conceptMappings class="set" id="377"/>
          <attributes id="378"/>
        </answerConcept>
        <creator/>
        <dateCreated id="379">2019-03-18 13:26:52</dateCreated>
        <sortWeight>1.0</sortWeight>
      </org.openmrs.ConceptAnswer>
      <org.openmrs.ConceptAnswer id="380" uuid="63d4c55b-ec47-468b-9eb5-827ee7692720">
        <conceptAnswerId>3226</conceptAnswerId>
        <concept reference="195"/>
        <answerConcept reference="95"/>
        <creator/>
        <dateCreated id="381">2019-03-18 14:11:12</dateCreated>
        <sortWeight>11.0</sortWeight>
      </org.openmrs.ConceptAnswer>
      <org.openmrs.ConceptAnswer id="382" uuid="8f346ec9-8417-4896-959e-c8f2a9a8f3be">
        <conceptAnswerId>3222</conceptAnswerId>
        <concept reference="195"/>
        <answerConcept reference="45"/>
        <creator/>
        <dateCreated id="383">2019-03-18 13:42:48</dateCreated>
        <sortWeight>7.0</sortWeight>
      </org.openmrs.ConceptAnswer>
      <org.openmrs.ConceptAnswer id="384" uuid="a89a962d-9e05-48f2-971a-46019902138a">
        <conceptAnswerId>3217</conceptAnswerId>
        <concept reference="195"/>
        <answerConcept reference="2"/>
        <creator/>
        <dateCreated id="385">2019-03-18 13:26:52</dateCreated>
        <sortWeight>2.0</sortWeight>
      </org.openmrs.ConceptAnswer>
    </answers>
    <conceptSets class="set" id="386"/>
    <descriptions class="set" id="387"/>
    <conceptMappings class="set" id="388"/>
    <attributes id="389"/>
  </org.openmrs.Concept>
  <org.openmrs.Concept reference="292"/>
  <org.openmrs.Concept reference="354"/>
  <org.openmrs.Concept reference="265"/>
  <org.openmrs.Concept reference="211"/>
  <org.openmrs.Concept reference="238"/>
  <org.openmrs.Concept reference="319"/>
  <org.openmrs.PersonAttributeType id="390" uuid="c1f7d1f1-3f10-11e4-adec-0800271c1b75">
    <name>PATIENT_OCCUPATION</name>
    <description>Profissao/Ocupacao</description>
    <creator/>
    <dateCreated id="391">2014-09-18 00:00:00</dateCreated>
    <changedBy/>
    <dateChanged id="392">2019-03-20 13:36:39</dateChanged>
    <retired>false</retired>
    <personAttributeTypeId>14</personAttributeTypeId>
    <format>org.openmrs.Concept</format>
    <foreignKey>109</foreignKey>
    <sortWeight>7.0</sortWeight>
    <searchable>true</searchable>
  </org.openmrs.PersonAttributeType>
</list>
